公司名稱,公司地址,公司電話
公司A,地址A,電話A
公司B,地址B,電話B
公司C,地址C,電話C
柒人國際股份有限公司,114臺北市內湖區民權東路6段15巷30號4樓,未提供
柒人國際股份有限公司,114臺北市內湖區民權東路6段15巷30號4樓,未提供
立欣國際有限公司,114臺北市內湖區陽光街349號4樓,未提供
摹儗股份有限公司,114臺北市內湖區洲子街12號2樓,未提供
諾法科技有限公司,114臺北市內湖區內湖路1段66號3樓,未提供
藍色地平線股份有限公司,114臺北市內湖區瑞光路582號7樓之1,未提供
詠富國際數位有限公司,114臺北市內湖區基湖路1號8樓之1,未提供
台企再造壹股份有限公司,114臺北市內湖區瑞光路618號10樓之1,未提供
安大資本股份有限公司,114臺北市內湖區洲子街79號2樓,未提供
翰宇創業投資股份有限公司,114臺北市內湖區陽光街321巷56號5樓之6,未提供
敦品壹號創新投資股份有限公司,114臺北市內湖區港墘路221巷37號4樓之1,未提供
亞太空中移動股份有限公司,114臺北市內湖區洲子街12號2樓,未提供
敦品貳號創新投資股份有限公司,114臺北市內湖區港墘路221巷37號4樓之1,未提供
無二電影有限公司,114臺北市內湖區內湖路1段324號9樓,未提供
哈哈健康促進學苑有限公司,114臺北市內湖區內湖路1段360巷15號3樓之3,未提供
雲嘉投資有限公司,114臺北市內湖區瑞光路76巷61號4樓,未提供
吉帝國際投資有限公司,114臺北市內湖區瑞光路76巷61號4樓,未提供
達盈智能股份有限公司,114臺北市內湖區洲子街105號8樓,未提供
連迎國際諮詢服務有限公司,114臺北市內湖區內湖路1段360巷8號8樓,未提供
仲和資產管理股份有限公司,114臺北市內湖區瑞光路360號3樓之1,未提供
台達控股股份有限公司,114臺北市內湖區瑞光路180號10樓,未提供
柒人國際股份有限公司,114臺北市內湖區民權東路6段15巷30號4樓,未提供
